unit_id,original_error_id,source_id,source_image,source_set,topic_type,original_text,error_type,problem_description,recoverable_meaning,possible_future_use,selection_status,notes
U001,S01-E01,S01,1.jpg,main_40_candidate_bank,IELTS Task 1 chart/line-graph description: Internet users,The number of Internet users in Greece increases steadily during 1998 to 2013.,grammar-related error,Tense and time-preposition problems in Task 1 trend description; 'increases' should match the past period and 'during ... to ...' is non-standard.,The number of Internet users in Greece increased steadily from 1998 to 2013.,,selected_100,Clear sentence-level error unit; suitable for LLM revision comparison.
U002,S01-E02,S01,1.jpg,main_40_candidate_bank,IELTS Task 1 chart/line-graph description: Internet users,"Still the three different countries all surge throughout and on the peak in the 2013, the figure of Greece's Internet users is on the lowest trend on about 60 thousands during these three countries.",data description error,"Multiple problems in data description, comparison, article use, number expression, and non-standard phrases such as 'on the peak', 'on the lowest trend', and '60 thousands'.","All three countries increased over the period, while Greece had the lowest figure, at about 60 thousand in 2013.",,selected_100,Rich error unit; may be used as a short passage because the intended meaning is still partly recoverable.
U003,S02-E01,S02,2.jpg,main_40_candidate_bank,IELTS Task 1 chart/line-graph description: Internet users,Here's the main features and the differences of the chat.,grammar-related error,Subject-verb agreement problem in 'Here's the main features' and spelling error 'chat' for 'chart'; the overview phrase is also vague for IELTS Task 1.,Here are the main features and differences shown in the chart.,,selected_100,Candidate from Image 2; useful as a concise overview-sentence error unit.
U004,S02-E02,S02,2.jpg,main_40_candidate_bank,IELTS Task 1 chart/line-graph description: Internet users,"In 1998, users in Denmark and Canada were more than the users in Greece, which reached to about 25 in thousands.",comparison-related error,"Comparison structure, relative-clause reference, verb pattern 'reached to', and number expression 'in thousands' are problematic.","In 1998, Denmark and Canada had more internet users than Greece, with the figure reaching about 25 thousand.",,selected_100,Strong candidate because it involves Task 1 comparison and data description.
U005,S03-E01,S03,3.jpg,main_40_candidate_bank,IELTS Task 1 chart/line-graph description: Internet users,"By 2003, the world average reached 20, country A surged to approximately 50, becoming the highest.",data description error,Comma splice and ambiguous data description; “becoming the highest” should refer to the figure for country A rather than the country itself.,"By 2003, the world average reached 20, while country A surged to approximately 50, becoming the highest figure.",,selected_100,Good candidate for data description and sentence-structure revision.
U006,S03-E02,S03,3.jpg,main_40_candidate_bank,IELTS Task 1 chart/line-graph description: Internet users,"In 2008, the world average climbed to 40. country A continued to lead with about 80 users.",grammar-related error,Capitalization problem after the full stop and possible unit omission; the phrase “80 users” is likely intended to mean 80 thousand users.,"In 2008, the world average climbed to 40, while country A continued to lead with about 80 thousand users.",,selected_100,Short and clear; may be combined as a short passage for revision.
U007,S04-E01,S04,4.jpg,main_40_candidate_bank,IELTS Task 1 chart/line-graph description: Internet users,"Overall, all four groups saw a sharp and continuous rise in internet usage over the period.",data description error,The phrase “all four groups” is slightly imprecise because the world average is not a country group; “internet usage” is also less precise than “number of internet users”.,"Overall, the three countries and the world average all showed a continuous rise in the number of internet users over the period.",,selected_100,"Mild error; this essay is comparatively stronger, so this is a lower-priority candidate."
U008,S04-E02,S04,4.jpg,main_40_candidate_bank,IELTS Task 1 chart/line-graph description: Internet users,"By 2013, Denmark’s internet users hit nearly 90 thousand, and Canada reached around 7 thousand.",data description error,Possible numerical error or missing zero in “7 thousand”; “hit” is informal for IELTS Task 1 data description.,"By 2013, Denmark’s number of internet users reached nearly 90 thousand, and Canada reached around 70 thousand.",,selected_100,Strongest candidate from Image 4 because it may contain a data accuracy issue.
U009,S05-E01,S05,5.jpg,main_40_candidate_bank,IELTS Task 1 chart/line-graph description: Internet users,"The chart shows illustrates the number of Internet users per thousand people in three countries: Greece, Denmark, Canada alongside the world average from 1998 to 2013.",grammar-related error,"Verb duplication in “shows illustrates”, punctuation/listing problem, and non-standard phrasing in introducing the chart.","The chart illustrates the number of Internet users per thousand people in Greece, Denmark and Canada, alongside the world average, from 1998 to 2013.",,selected_100,Clear introductory sentence-level error; useful for testing whether LLMs minimally correct or fully rewrite the sentence.
U010,S05-E02,S05,5.jpg,main_40_candidate_bank,IELTS Task 1 chart/line-graph description: Internet users,"Canada and Denmark consistently ranked above the above the world average, while Greece started blew but caught up significantly.",idiomaticity or non-standard expression problem,"Repetition in “above the above”, non-standard phrase “started blew”, and unclear trend expression.","Canada and Denmark consistently remained above the world average, while Greece started below it but caught up significantly.",,selected_100,Strong learner-language trace; suitable for qualitative analysis of reformulation or erasure.
U011,S06-E01,S06,6.jpg,main_40_candidate_bank,IELTS Task 1 chart/line-graph description: Internet users,"Overall, all four groups saw a continuous and dramatic rise in internet penetration, with Canada consistently recording the highest user numbers throughout the period, while the world average remained the lowest at all time points.",data description error,“All four groups” and “internet penetration” are somewhat imprecise for a chart about number of Internet users; the sentence may overgeneralize the data.,"Overall, the three countries and the global average showed a continuous rise in the number of Internet users, with Canada generally recording the highest figures and the world average the lowest.",,selected_100,This essay appears stronger; selected as a mild data-description candidate rather than a severe grammar error.
U012,S06-E02,S06,6.jpg,main_40_candidate_bank,IELTS Task 1 chart/line-graph description: Internet users,"By 2003, Canada’s user count had surged to 70 thousand, closely followed by Denmark at 78 thousand, closely followed by Denmark at 78 thousand.",cohesion problem,"The phrase is repeated, and “closely followed by Denmark at 78 thousand” is logically inconsistent if Denmark’s figure is higher than Canada’s.","By 2003, Canada’s user count had surged to 70 thousand, while Denmark reached about 78 thousand.",,selected_100,Clear repetition and comparison issue; suitable for revision comparison.
U013,S07-E01,S07,7.jpg,main_40_candidate_bank,IELTS Task 1 chart/line-graph description: Internet users,"Overall, all categories saw a substantial increase over the period, with Canada witnessing the most dramatic growth lower user numbers compared to the global average, their figures also trended upward steadily.",grammar-related error,"The sentence is grammatically fragmented and contains an unclear relationship between Canada, lower user numbers, and the global average.","Overall, all categories increased substantially over the period. Canada saw the most dramatic growth, while the countries with lower figures also trended upward steadily.",,selected_100,Strong candidate because the intended meaning is partly recoverable but the structure is highly non-standard.
U014,S07-E02,S07,7.jpg,main_40_candidate_bank,IELTS Task 1 chart/line-graph description: Internet users,"By 2013, this figure had soared to over 90000, making it the country with the highest internet users.",collocation problem,“The highest internet users” is an unnatural collocation; the sentence should refer to the highest number of Internet users.,"By 2013, this figure had risen to over 90,000, making Canada the country with the highest number of Internet users.",,selected_100,Clear collocation error; suitable sentence-level unit.
U015,S08-E01,S08,8.jpg,main_40_candidate_bank,IELTS Task 1 chart/line-graph description: Internet users,Denmark and Canada maintained higher user user numbers than Greece and the global average grow the fastest to catch up with developed nations by 2013.,grammar-related error,"Contains repeated wording ('user user numbers'), subject-verb agreement problem ('average grow'), and an unclear comparison between countries and the global average.","Denmark and Canada had higher numbers of Internet users than Greece, while the global average grew rapidly by 2013.",,selected_100,"Good candidate because it combines grammar, comparison, and Task 1 overview problems."
U016,S08-E02,S08,8.jpg,main_40_candidate_bank,IELTS Task 1 chart/line-graph description: Internet users,"By 2013, the global average had surged to nearly 80,000 surpassing Denmark and nearly matching Canada.",data description error,The sentence may misrepresent the relationship among the categories and lacks punctuation before the participial phrase; 'surpassing Denmark' needs clearer data support.,"By 2013, the global average had risen to nearly 80,000, approaching the levels of Denmark and Canada.",,selected_100,Useful for testing whether LLMs preserve or correct potentially inaccurate data relationships.
U017,S09-E01,S09,9.jpg,main_40_candidate_bank,IELTS Task 1 chart/line-graph description: Internet users,This bar chart illustrates the number of Internet users in three different countries and the international average from 1988 to 2013.,data description error,"The time period is incorrect ('1988' instead of 1998), and 'international average' is less precise than 'world average'.",The bar chart illustrates the number of Internet users in three countries and the world average from 1998 to 2013.,,selected_100,Clear Task 1 introduction error with recoverable meaning.
U018,S09-E02,S09,9.jpg,main_40_candidate_bank,IELTS Task 1 chart/line-graph description: Internet users,"In 1988, the number of internet users in Greece was far below 10,000, while in Denmark, it was slightly above 20,000.",data description error,The year is incorrectly stated as 1988; the comparison is otherwise recoverable.,"In 1998, the number of Internet users in Greece was below 10,000, while in Denmark it was slightly above 20,000.",,selected_100,Suitable short error unit focused on data/time accuracy.
U019,S10-E01,S10,10.jpg,main_40_candidate_bank,IELTS Task 1 chart/line-graph description: Internet users,"The bar chat shows the number of internet users in Greece, Denmark, Canada, and the world average from 1998 to 2013.",lexical choice error,"'chat' is a lexical/spelling error for 'chart', and the phrase 'in ... the world average' is structurally awkward.","The bar chart shows the number of Internet users in Greece, Denmark, and Canada, along with the world average from 1998 to 2013.",,selected_100,Clear introduction-level error unit with recoverable meaning.
U020,S10-E02,S10,10.jpg,main_40_candidate_bank,IELTS Task 1 chart/line-graph description: Internet users,"Overall, all groups had a big increase in internet users during these 15 years.",idiomaticity or non-standard expression problem,"'big increase' is informal for IELTS Task 1, and 'all groups' is imprecise because the world average is not a country group.","Overall, all categories experienced a significant increase in the number of Internet users over the 15-year period.",,selected_100,Good overview sentence for revising informal and imprecise wording.
U021,S11-E01,S11,11.jpg,main_40_candidate_bank,IELTS Task 1 chart/line-graph description: Internet users,"Overall, all four groups saw a continuous rise in internet user numbers, with Denmark consistently leading the count, while Greece remained the lowest among the three countries throughout the period.",collocation problem,"'Leading the count' is an unnatural collocation in IELTS Task 1 data description, and the sentence could express leadership in user numbers more clearly.","Overall, all four categories increased, with Denmark consistently recording the highest number among the three countries and Greece the lowest.",,selected_100,Useful overview sentence with Task 1 collocation and precision issues.
U022,S11-E02,S11,11.jpg,main_40_candidate_bank,IELTS Task 1 chart/line-graph description: Internet users,"In 1998, Denmark had around 25 thousand internet users, slightly higher than Canada's roughly 28 thousand, while Greece had only 5 thousand, far below the world average of around 8 thousand.",comparison-related error,The comparison is logically inconsistent because 25 thousand is not higher than 28 thousand; the sentence also contains several data comparison relationships.,"In 1998, Canada had roughly 28 thousand Internet users, slightly more than Denmark at around 25 thousand, while Greece had only about 5 thousand.",,selected_100,Strong candidate for comparison-related error and data relationship correction.
U023,S12-E01,S12,12.jpg,main_40_candidate_bank,IELTS Task 1 chart/line-graph description: Internet users,The line graph of Canada has the top based number between Greece and Denmark.,idiomaticity or non-standard expression problem,"'The line graph of Canada' and 'top based number' are non-standard expressions, and the comparison relation is unclear.",Canada had the highest number among the three countries.,,selected_100,Strong learner-language trace; suitable for testing LLM reformulation.
U024,S12-E02,S12,12.jpg,main_40_candidate_bank,IELTS Task 1 chart/line-graph description: Internet users,"From 1998 to 2003, the line graph of Canada climbs significantly, and then level off.",grammar-related error,The sentence has subject choice problems and subject-verb agreement errors; the tense is also inconsistent for describing past data.,"From 1998 to 2003, Canada increased significantly and then levelled off.",,selected_100,Good sentence-level unit with tense and agreement problems.
U025,S13-E01,S13,13.jpg,main_40_candidate_bank,IELTS Task 1 chart/line-graph description: Internet users,"Just like the bar chart shows that for these three countries, the amount of people who used the Internet was increasing from 1998 to 2013.",grammar-related error,"The sentence begins with an awkward clause and uses the non-standard phrase ""the amount of people"" for countable nouns.",The bar chart shows that the number of Internet users in the three countries increased from 1998 to 2013.,,selected_100,Clear learner-style introduction sentence.
U026,S13-E02,S13,13.jpg,main_40_candidate_bank,IELTS Task 1 chart/line-graph description: Internet users,"In Greece, there were only no more than 10 thousand of people surfing on the Internet in 1998.",idiomaticity or non-standard expression problem,"The phrase ""only no more than"" is redundant, and ""10 thousand of people"" is grammatically unnatural.","In Greece, fewer than 10 thousand people used the Internet in 1998.",,selected_100,Good candidate for quantifier and idiomaticity revision.
U027,S14-E01,S14,14.jpg,main_40_candidate_bank,IELTS Task 1 chart/line-graph description: Internet users,"The bar chart illustrates the number of internet users in Greece, Denmark, Canada, as well as global average, from 1998 to 2013.",grammar-related error,"The phrase ""as well as global average"" is missing an article and is not fully parallel with the preceding country names.","The bar chart illustrates the number of Internet users in Greece, Denmark, Canada, and the global average from 1998 to 2013.",,selected_100,Minor but clear introduction-sentence error.
U028,S14-E02,S14,14.jpg,main_40_candidate_bank,IELTS Task 1 chart/line-graph description: Internet users,"Overall, all four group saw a steady upward trend in internet users over the period.",grammar-related error,"The noun ""group"" should be plural, and the phrase ""in internet users"" is slightly imprecise.","Overall, all four groups saw a steady upward trend in the number of Internet users over the period.",,selected_100,Short and clean error unit.
U029,S15-E01,S15,15.jpg,main_40_candidate_bank,IELTS Task 1 chart/line-graph description: Internet users,"The bar chart illustrate the number of internet users in Greece, Denmark and Canada, as well as global average, from 1998 to 2013.",grammar-related error,"The verb should agree with the singular subject, and ""global average"" needs an article or clearer phrasing.","The bar chart illustrates the number of Internet users in Greece, Denmark and Canada, as well as the global average, from 1998 to 2013.",,selected_100,Similar to S14 but with a clear subject-verb agreement issue.
U030,S15-E02,S15,15.jpg,main_40_candidate_bank,IELTS Task 1 chart/line-graph description: Internet users,"Overall, all four group saw a steady upward trend in internet users over the period.",grammar-related error,"The noun ""group"" should be plural, and the phrase could more precisely refer to the number of Internet users.","Overall, all four groups saw a steady upward trend in the number of Internet users over the period.",,selected_100,"Useful short unit, though similar to S14-E02."
U031,S16-E01,S16,16.jpg,main_40_candidate_bank,IELTS Task 1 chart/line-graph description: Internet users,"Overall, all four groups kept going up and the world average during these 15 years.",grammar-related error,The sentence is grammatically incomplete and the phrase “the world average” is not integrated into the sentence structure.,"Overall, all four groups, including the world average, showed an upward trend over the 15-year period.",,selected_100,Good candidate showing incomplete structure in an overview sentence.
U032,S16-E02,S16,16.jpg,main_40_candidate_bank,IELTS Task 1 chart/line-graph description: Internet users,"Canada always had the most Internet users, while Greece had fewer than the other two countries, and the world average was the lowest all the time.",comparison-related error,"The comparison mixes countries and the world average, and “the lowest all the time” is informal and imprecise.","Canada generally had the highest figures, while Greece and the world average remained lower than the leading countries.",,selected_100,Useful for comparing country data with an average.
U033,S17-E01,S17,17.jpg,main_40_candidate_bank,IELTS Task 1 chart/line-graph description: Internet users,The three countries always had much more internet users than the world average.,grammar-related error,"“Much more internet users” should be “many more Internet users,” and the comparison may be too broad.",The three countries generally had higher numbers of Internet users than the world average.,,selected_100,Short and clean grammar/comparison unit.
U034,S17-E02,S17,17.jpg,main_40_candidate_bank,IELTS Task 1 chart/line-graph description: Internet users,"Denmark and Canada had the highest numbers, then Greece, and the world average was the lowest.",cohesion problem,The sequence “then Greece” is informal and structurally weak for data comparison.,"Denmark and Canada had the highest figures, followed by Greece, while the world average was the lowest.",,selected_100,Useful for testing revision of ordering/comparison structures.
U035,S18-E01,S18,18.jpg,main_40_candidate_bank,IELTS Task 1 chart/line-graph description: Internet users,"The line graph compares the number of Internet users per 100 people in Greece, Canada, Denmark, and the world average between 1998 and 2013.",data description error,"The wording “per 100 people” may not match the chart unit used in the task, and the world average is listed alongside countries without clear framing.","The line graph compares Internet user figures in Greece, Canada, Denmark and the world average from 1998 to 2013.",,selected_100,Light error; keep as candidate only if more data-description units are needed.
U036,S18-E02,S18,18.jpg,main_40_candidate_bank,IELTS Task 1 chart/line-graph description: Internet users,It is noticeable that Denmark overtook Canada after 2008 and became the highest among all.,idiomaticity or non-standard expression problem,“Became the highest among all” is unnatural; the sentence needs a clearer noun phrase such as “had the highest figure.”,Denmark overtook Canada after 2008 and had the highest figure among all categories.,,selected_100,This student is stronger; only minor candidate selected.
U037,S19-E01,S19,19.jpg,main_40_candidate_bank,IELTS Task 1 chart/line-graph description: Internet users,"The chart shows the percentage of Internet users in three countries, and the world average from 1998 to 2013.",grammar-related error,The coordinate structure is slightly awkward because “the world average” is not parallel with “three countries.”,The chart shows the percentage of Internet users in three countries and the world average from 1998 to 2013.,,selected_100,Minor but clear introductory-sentence issue.
U038,S19-E02,S19,19.jpg,main_40_candidate_bank,IELTS Task 1 chart/line-graph description: Internet users,"Both countries increased constantly, reaching almost 90% by 2013.",data description error,"The sentence treats countries as increasing; the subject should be the percentage or Internet usage, not the countries themselves.","The percentages in both countries increased steadily, reaching almost 90% by 2013.",,selected_100,Good Task 1 subject-choice problem.
U039,S20-E01,S20,20.jpg,main_40_candidate_bank,IELTS Task 1 chart/line-graph description: Internet users,"The line graph compares the number of internet users in three countries — Greece, Denmark and Canada with the world average over 4 years.",data description error,“Over 4 years” is inaccurate or unclear; the chart covers four time points across a 15-year period.,"The line graph compares the number of Internet users in Greece, Denmark and Canada with the world average from 1998 to 2013.",,selected_100,Good data description issue despite otherwise advanced writing.
U040,S20-E02,S20,20.jpg,main_40_candidate_bank,IELTS Task 1 chart/line-graph description: Internet users,"Overall, all four categories experienced a substantial upward trajectory over 15-year period.",grammar-related error,The phrase “over 15-year period” is missing an article and the wording is slightly over-formal.,"Overall, all four categories experienced a substantial upward trend over the 15-year period.",,selected_100,Good small grammar/academic style unit.
U041,S21-E01,S21,21.jpg,main_40_candidate_bank,IELTS Task 1 chart/line-graph description: Internet users,"Developed nations consistently outperformed both Greece and the global average, with Denmark maintaining its lead in user numbers year after year.",data description error,'Developed nations' is an overgeneralization that is not directly supported by the chart.,Denmark maintained a higher number of Internet users than Greece and the global average over the period.,,selected_100,Overgeneralization candidate.
U042,S21-E02,S21,21.jpg,main_40_candidate_bank,IELTS Task 1 chart/line-graph description: Internet users,"In 1998, Denmark boasted the highest count at roughly 25 thousand users, followed closely by Canada at 20 thousand.",idiomaticity or non-standard expression problem,'Boasted the highest count' is too evaluative and informal for neutral Task 1 description.,"In 1998, Denmark had the highest figure at roughly 25 thousand users, followed by Canada at 20 thousand.",,selected_100,Style/register candidate.
U043,S22-E01,S22,22.jpg,main_40_candidate_bank,IELTS Task 1 chart/line-graph description: Internet users,The three countries always had much more internet users than the world average.,grammar-related error,'Much more users' should be 'many more users'; the comparison is also imprecise.,The three countries generally had many more Internet users than the world average.,,selected_100,Short comparison/grammar candidate.
U044,S22-E02,S22,22.jpg,main_40_candidate_bank,IELTS Task 1 chart/line-graph description: Internet users,"Then Greece, and the world average was the lowest.",cohesion problem,The sentence is incomplete and the comparison sequence is not properly expressed.,"Greece followed, while the world average was the lowest.",,selected_100,Fragment/cohesion candidate.
U045,S23-E01,S23,23.jpg,main_40_candidate_bank,IELTS Task 1 chart/line-graph description: Internet users,"By 2013, Denmark's internet users exceeded 100,000, while Canada and Greece reached roughly 70,000 and 40,000 respectively.",data description error,The numerical values or unit expression may be inaccurate.,"By 2013, Denmark had the highest figure, while Canada and Greece reached lower levels respectively.",,selected_100,Data/unit candidate.
U046,S23-E02,S23,23.jpg,main_40_candidate_bank,IELTS Task 1 chart/line-graph description: Internet users,"Even the world average grew from below 10,000 in 1998 to about 40,000 in 2013.",data description error,'Even' adds evaluative tone and the unit/numerical expression may require checking.,"The world average grew from below 10,000 in 1998 to about 40,000 in 2013.",,selected_100,Data description/register candidate.
U047,S24-E01,S24,24.jpg,main_40_candidate_bank,IELTS Task 1 chart/line-graph description: Internet users,"The bar chart shows the number of internet user in Greece, Denmark and Canada, as well as the world average, between 1998 and 2013.",grammar-related error,'Internet user' should be plural in this context.,"The bar chart shows the number of Internet users in Greece, Denmark and Canada, as well as the world average, between 1998 and 2013.",,selected_100,Clear plural error.
U048,S24-E02,S24,24.jpg,main_40_candidate_bank,IELTS Task 1 chart/line-graph description: Internet users,"Overall, the number of internet users increased in all three countries and the world average during this period.",grammar-related error,The phrase 'in all three countries and the world average' is not parallel.,"Overall, the number of Internet users increased in all three countries and in the world average during this period.",,selected_100,Parallel structure candidate.
U049,S25-E01,S25,25.jpg,main_40_candidate_bank,IELTS Task 1 chart/line-graph description: Internet users,"Additionally, the growth rates in Greece and Candda were notably higher than that of the world average.",comparison-related error,'Candda' is a spelling error; 'rates' does not agree with 'that of'.,"Additionally, the growth rates in Greece and Canada were notably higher than that of the world average.",,selected_100,Comparison agreement candidate.
U050,S25-E02,S25,25.jpg,main_40_candidate_bank,IELTS Task 1 chart/line-graph description: Internet users,"In 1998, Denmark led the way with approximately 40,000 Internet users, which was nearly double the figure for Canada (around 20,000), and far ahead of Greece and the global average.",data description error,The numerical relationship may be inaccurate and the wording is somewhat evaluative.,"In 1998, Denmark had approximately 40,000 Internet users, nearly double the figure for Canada and far above Greece and the global average.",,selected_100,Data relation candidate.
U051,S26-E01,S26,26.jpg,main_40_candidate_bank,IELTS Task 1 chart/line-graph description: Internet users,Among them Canada while the world average remained the lowest throughout.,cohesion problem,The sentence is incomplete; the Canada part lacks a clear predicate and the comparison is unclear.,"Canada had the highest figure, while the world average remained the lowest throughout.",,selected_100,Fragmented comparison sentence.
U052,S26-E02,S26,26.jpg,main_40_candidate_bank,IELTS Task 1 chart/line-graph description: Internet users,By 2003 there was a shape rise in all regions Canada reached about 75 thousand users followed by Denmark at around 70 thousand.,lexical choice error,'Shape rise' should be 'sharp rise'; the sentence also lacks clear punctuation and coordination.,"By 2003, there was a sharp rise in all regions; Canada reached about 75 thousand users, followed by Denmark at around 70 thousand.",,selected_100,Good lexical-choice and cohesion candidate.
U053,S27-E01,S27,27.jpg,main_40_candidate_bank,IELTS Task 1 chart/line-graph description: Internet users,The chart shows us the data of the users of Internet in three diverse countries and world average from 1998 to 2013.,idiomaticity or non-standard expression problem,The phrase 'shows us the data of the users of Internet' is unnatural and overly wordy.,The chart shows the number of Internet users in three countries and the world average from 1998 to 2013.,,selected_100,Introductory sentence with learner-style phrasing.
U054,S27-E02,S27,27.jpg,main_40_candidate_bank,IELTS Task 1 chart/line-graph description: Internet users,"Overall, all categories experienced a steady upward trend, with Canada consistently leading throughout the period, while the world average kept the lowest.",collocation problem,'Kept the lowest' is an unnatural collocation; 'remained the lowest' is more appropriate.,"Overall, all categories experienced a steady upward trend, with Canada consistently leading throughout the period, while the world average remained the lowest.",,selected_100,Good collocation candidate.
U055,S28-E01,S28,28.jpg,main_40_candidate_bank,IELTS Task 1 chart/line-graph description: Internet users,There is a significant increasing for all parts of the users and with increasing trend over the fifteen years.,grammar-related error,"'A significant increasing' is a word-form error, and the sentence structure is repetitive.",There was a significant increase in Internet users across all categories over the fifteen-year period.,,selected_100,Good word-form/grammar candidate.
U056,S28-E02,S28,28.jpg,main_40_candidate_bank,IELTS Task 1 chart/line-graph description: Internet users,All of the three countries reached the highest level and are all higher than the average users.,comparison-related error,The comparison objects are unclear; countries are compared with average users rather than figures.,The figures for all three countries were higher than the world average.,,selected_100,Good comparison candidate.
U057,S29-E01,S29,29.jpg,main_40_candidate_bank,IELTS Task 1 chart/line-graph description: Internet users,"Overall, all figures experienced a steady upward trend, with Denmark and Greece consistently ranking above the world average, while Canada remained below it throughout the period.",data description error,The reported relationship among countries and the world average appears inaccurate.,"Overall, all figures increased steadily, but the relative positions of the countries should be described accurately.",,selected_100,Good data-accuracy candidate.
U058,S29-E02,S29,29.jpg,main_40_candidate_bank,IELTS Task 1 chart/line-graph description: Internet users,"Canada had only about 10 thousand users, far below the world average of roughly 15 thousand.",data description error,The data comparison appears inaccurate.,"Canada had about 10 thousand users, but the comparison with the world average should be checked against the chart.",,selected_100,Data comparison problem.
U059,S30-E01,S30,30.jpg,main_40_candidate_bank,IELTS Task 1 chart/line-graph description: Internet users,"Overall, Internet users numbers rose dramatically in all three nations and the worldwide average throughout the timeframe.",collocation problem,'Internet users numbers' is an unnatural noun phrase.,"Overall, the number of Internet users rose dramatically in all three nations and in the world average throughout the period.",,selected_100,Good noun-phrase collocation candidate.
U060,S30-E02,S30,30.jpg,main_40_candidate_bank,IELTS Task 1 chart/line-graph description: Internet users,"Its user count grew from 29 thousand in 1998 to 73 thousand in 2003, then reached 81 thousand in 2008 and 91 thousand by the final year.",cohesion problem,"The referent of 'Its' is unclear, and 'by the final year' could be made more explicit.","Canada's user count grew from 29 thousand in 1998 to 73 thousand in 2003, then reached 81 thousand in 2008 and 91 thousand in 2013.",,selected_100,Pronoun reference candidate.
U061,S31-E01,S31,31.jpg,main_40_candidate_bank,IELTS Task 1 line-graph description: ageing population,"In 1980, the proportion in Sweden was about 15%, the USA was lower than Sweden, about 12%, and Japan was the lowest.",comparison-related error,The comparison structure is not parallel and directly compares countries rather than figures.,"In 1980, the proportion in Sweden was about 15%, while the figure for the USA was lower at about 12%, and Japan had the lowest figure.",,selected_100,Good comparison candidate.
U062,S31-E02,S31,31.jpg,main_40_candidate_bank,IELTS Task 1 line-graph description: ageing population,"In general, the proportion of old-aged people in these three countries is increasing.",idiomaticity or non-standard expression problem,"'Old-aged people' is unnatural, and the tense does not clearly account for historical and projected data.","In general, the proportion of people aged 65 and over increased and is projected to continue increasing in these three countries.",,selected_100,Good age-population wording candidate.
U063,S32-E01,S32,32.jpg,main_40_candidate_bank,IELTS Task 1 line-graph description: ageing population,"The three group which are reflected in this graph are Japan, Sweden USA.",grammar-related error,"There are plural, relative clause, and listing errors.","The three groups reflected in this graph are Japan, Sweden, and the USA.",,selected_100,Clear grammar candidate.
U064,S32-E02,S32,32.jpg,main_40_candidate_bank,IELTS Task 1 line-graph description: ageing population,There was a slightly drop in the proportion of population aged 65 and over in Japan from 1940 to around 1987.,lexical choice error,'Slightly drop' is a word-form error; 'slight drop' is required.,There was a slight drop in the proportion of the population aged 65 and over in Japan from 1940 to around 1987.,,selected_100,Good word-form candidate.
U065,S33-E01,S33,33.jpg,main_40_candidate_bank,IELTS Task 1 line-graph description: ageing population,"According to the line graph above, shows the proportion of population aged 65 and over in three countries.",grammar-related error,The sentence lacks a subject after the introductory phrase.,The line graph above shows the proportion of the population aged 65 and over in three countries.,,selected_100,Clear introductory grammar candidate.
U066,S33-E02,S33,33.jpg,main_40_candidate_bank,IELTS Task 1 line-graph description: ageing population,Both of population aged 65 and over in Sweden and USA are 7 to 9 percent matchup which increased in the similar rate before 2000.,idiomaticity or non-standard expression problem,"'Both of population', 'matchup', and 'in the similar rate' are non-standard expressions.","The proportions of people aged 65 and over in Sweden and the USA were between 7% and 9%, and increased at a similar rate before 2000.",,selected_100,Strong non-standard expression candidate.
U067,S34-E01,S34,34.jpg,main_40_candidate_bank,IELTS Task 1 line-graph description: ageing population,The line graph shows the proportion of population aged 65 and over about in three countries from 1940 to 2040.,grammar-related error,The phrase 'about in three countries' is misplaced and the noun phrase lacks an article.,The line graph shows the proportion of the population aged 65 and over in three countries from 1940 to 2040.,,selected_100,Good introductory grammar candidate.
U068,S34-E02,S34,34.jpg,main_40_candidate_bank,IELTS Task 1 line-graph description: ageing population,"Overall, the figures of three countries has a general upward trend.",grammar-related error,There is a subject-verb agreement error and the phrase 'figures of three countries' is not fully natural.,"Overall, the figures for the three countries show a general upward trend.",,selected_100,Short clear grammar error.
U069,S35-E01,S35,35.jpg,main_40_candidate_bank,IELTS Task 1 line-graph description: ageing population,The proportion of population aged 65 and over in 2040 was definitely more than 1940.,comparison-related error,The comparison is incomplete because it compares a future year directly with a past year rather than comparing figures; tense choice is also problematic.,The proportion of the population aged 65 and over in 2040 is projected to be much higher than it was in 1940.,,selected_100,Good comparison and tense candidate.
U070,S35-E02,S35,35.jpg,main_40_candidate_bank,IELTS Task 1 line-graph description: ageing population,And Japan in 2030 became the largest proportion in three different countries.,grammar-related error,"The sentence begins with 'And', uses the wrong tense for projected data, and says Japan became a proportion rather than had the largest proportion.","By 2030, Japan is expected to have the largest proportion among the three countries.",,selected_100,Good learner trace for future data description.
U071,S36-E01,S36,36.jpg,main_40_candidate_bank,IELTS Task 1 map/plan description: Porth Harbour,The Porth Harbour is developing so that there are many differences from 2000 to today.,idiomaticity or non-standard expression problem,'Is developing so that' is unnatural for describing map changes; the time comparison is also vague.,Porth Harbour changed in several ways between 2000 and the present.,,selected_100,Good map/plan wording candidate.
U072,S36-E02,S36,36.jpg,main_40_candidate_bank,IELTS Task 1 map/plan description: Porth Harbour,"Today, between the two car parks, a Showers & and toilets is added.",grammar-related error,The noun phrase and passive structure are incorrect.,A shower and toilet facility has been added between the two car parks.,,selected_100,Good grammar candidate.
U073,S37-E01,S37,37.jpg,main_40_candidate_bank,IELTS Task 1 map/plan description: Porth Harbour,"By briefly glancing at this two charts, the information that from the plans about Porth Harbour between from 2000 to today, is similared except some details.",idiomaticity or non-standard expression problem,"Multiple non-standard expressions occur, including 'this two charts', 'between from', and 'is similared'.","The two plans of Porth Harbour are generally similar, except for some details.",,selected_100,Strong non-standard expression candidate.
U074,S37-E02,S37,37.jpg,main_40_candidate_bank,IELTS Task 1 map/plan description: Porth Harbour,What notice changes are the number of dock for passenger ferries have rosen nearby the Marina in past.,grammar-related error,"The clause structure, subject-verb agreement, and verb form 'have rosen' are incorrect.",One noticeable change is that the number of docks for passenger ferries has increased near the marina.,,selected_100,Strong grammar candidate.
U075,S38-E01,S38,38.jpg,main_40_candidate_bank,IELTS Task 1 map/plan description: Porth Harbour,"By briefly glacing at this picture, it's apparent that the number of Dock was increased from 1 to 2.",grammar-related error,'Glacing' is a spelling error and 'was increased' is unnatural here.,The number of docks increased from one to two.,,selected_100,Good passive/verb candidate.
U076,S38-E02,S38,38.jpg,main_40_candidate_bank,IELTS Task 1 map/plan description: Porth Harbour,So There were allow more ships in this harbour.,grammar-related error,'There were allow' is an incorrect structure.,This allowed more ships to use the harbour.,,selected_100,Good there-be/causative candidate.
U077,S39-E01,S39,39.jpg,main_40_candidate_bank,IELTS Task 1 map/plan description: Porth Harbour,From this picture we can see the harbour's change from 2000 and today.,grammar-related error,'From 2000 and today' is an incorrect time comparison structure.,The picture shows how the harbour changed between 2000 and today.,,selected_100,Good between-and candidate.
U078,S39-E02,S39,39.jpg,main_40_candidate_bank,IELTS Task 1 map/plan description: Porth Harbour,"In 2000 they only have one duck, it's uncomfortable for ship to stay here.",lexical choice error,'Duck' is used instead of 'dock'; the sentence also has tense and count-noun problems.,"In 2000, there was only one dock, which was inconvenient for ships.",,selected_100,Good dock/duck lexical candidate.
U079,S40-E01,S40,40.jpg,main_40_candidate_bank,IELTS Task 1 map/plan description: Porth Harbour,The Porth Harbour is continuely developing so that there are many differences from 2000 to today and still some same places.,idiomaticity or non-standard expression problem,'Continuely' is misspelled and 'still some same places' is unnatural.,"Porth Harbour has continued to develop, with many changes between 2000 and today as well as some unchanged features.",,selected_100,Good non-standard overview candidate.
U080,S40-E02,S40,40.jpg,main_40_candidate_bank,IELTS Task 1 map/plan description: Porth Harbour,The dock is added too to make more fishing boats stopping here.,grammar-related error,'Is added too' and 'make...stopping' are unnatural structures.,Another dock was added to allow more fishing boats to stop there.,,selected_100,Good grammar/causative candidate.
U081,A41-E02,S41,41.jpg,additional_sentence_bank,map/plan description,"There are still have showers & toilets, car parks beside the Main Road.",grammar-related error,The sentence mixes 'there are' and 'have'; plural structure and listing are also unclear.,Showers and toilets and car parks are still located beside the main road.,there-be structure; existential construction,selected_100,
U082,A41-E03,S41,41.jpg,additional_sentence_bank,map/plan description,"Today, between the two car parks, a showers and toilets is added.",grammar-related error,The noun phrase and passive structure are incorrect: 'a showers and toilets is added'.,A shower and toilet facility has been added between the two car parks.,article-number agreement; passive structure,selected_100,
U083,A41-E04,S41,41.jpg,additional_sentence_bank,map/plan description,The address of Fishing boats and Marina is exchanges.,lexical choice error,'Address' and 'exchanges' are inappropriate for describing changes in the location of harbour facilities.,The positions of the fishing boats and marina have been exchanged.,location-change verbs; wrong lexical choice,selected_100,
U084,A41-E05,S41,41.jpg,additional_sentence_bank,map/plan description,The public beach is changed to be a private beach which is only devised for the hotel.,collocation problem,'Changed to be' and 'devised for the hotel' are unnatural collocations in this context.,The public beach has become a private beach for the hotel.,verb-object collocation; map change description,selected_100,
U085,A42-E01,S42,42.jpg,additional_sentence_bank,map/plan description,"By briefly glancing this two charts, the information that from the plans about Porth Harbour between from 2000 to today, is similared except some details.",idiomaticity or non-standard expression problem,"Multiple non-standard expressions occur, including 'glancing this two charts', 'between from', and 'is similared'.","The two plans of Porth Harbour are generally similar, except for some details.",non-standard introductory phrases; comparative overview,selected_100,
U086,A42-E02,S42,42.jpg,additional_sentence_bank,map/plan description,What notical changes are the number of dock for passenger ferries have rosen nearby the Marina.,grammar-related error,"The clause structure, subject-verb agreement, and verb form 'have rosen' are incorrect.",One noticeable change is that the number of docks for passenger ferries has increased near the marina.,relative/nominal clause structure; irregular verb form,selected_100,
U087,A42-E03,S42,42.jpg,additional_sentence_bank,map/plan description,"And then, the harbour occupation also has been shifted between Marina and Fishing boats.",lexical choice error,'Harbour occupation' is not an appropriate phrase for the layout or position of harbour facilities.,The positions of the marina and fishing boats have been changed.,noun choice; map layout vocabulary,selected_100,
U088,A42-E04,S42,42.jpg,additional_sentence_bank,map/plan description,"When comparing the detail of two graphs, we find some new space has been used.",idiomaticity or non-standard expression problem,'The detail of two graphs' and 'some new space has been used' are vague and unnatural.,A comparison of the two plans shows that some areas have been newly developed or used.,vague map-description wording,selected_100,
U089,A43-E02,S43,43.jpg,additional_sentence_bank,map/plan description,So There were allow more ships in this harbour.,grammar-related error,'There were allow' is an incorrect structure.,This allowed more ships to use the harbour.,causative structure; there-be error,selected_100,
U090,A43-E03,S43,43.jpg,additional_sentence_bank,map/plan description,On the west of it. There was a cafes and shops.,cohesion problem,"The sentence is fragmented, and 'a cafes and shops' has article-number disagreement.",There were cafes and shops to the west of it.,sentence fragments; article-number agreement,selected_100,
U091,A43-E04,S43,43.jpg,additional_sentence_bank,map/plan description,It's the first place that allow people to eating or drinking.,grammar-related error,"The verb form after 'allow people to' should be a base verb, not a gerund.",It is a place that allows people to eat or drink.,verb pattern: allow someone to do,selected_100,
U092,A44-E01,S44,44.jpg,additional_sentence_bank,map/plan description,From this picture we can see the harbour's change from 2000 and today.,grammar-related error,'From 2000 and today' is an incorrect time comparison structure.,The picture shows how the harbour changed between 2000 and today.,between-and structure; map comparison,selected_100,
U093,A44-E02,S44,44.jpg,additional_sentence_bank,map/plan description,"In 2000 they only have one duck, it's uncomfortable for ship to stay here.",lexical choice error,'Duck' appears to be used instead of 'dock'; the sentence also has tense and count-noun problems.,"In 2000, there was only one dock, which was inconvenient for ships.",lexical confusion: dock/duck; comma splice,selected_100,
U094,A44-E03,S44,44.jpg,additional_sentence_bank,map/plan description,Today this place deliver two Donck's for ship to stay there.,lexical choice error,'Deliver' and 'Donck's' are inappropriate; the intended word is likely 'docks'.,"Today, this place has two docks for ships.",wrong verb choice; facility description,selected_100,
U095,A44-E04,S44,44.jpg,additional_sentence_bank,map/plan description,They can take the ship stop in the same area It's clearly.,idiomaticity or non-standard expression problem,'Take the ship stop' and 'It's clearly' are non-standard and difficult to integrate into a clear sentence.,"Ships can stop in the same area, which is clear from the map.",non-standard phrasing; sentence boundary problem,selected_100,
U096,A44-E05,S44,44.jpg,additional_sentence_bank,map/plan description,They increase a shower's toilet and change the castle to be a hotel and make the public beach to be the hotel private beach.,cohesion problem,"Several changes are compressed into one sentence, with unnatural verbs and noun phrases.","Showers and toilets were added, the castle became a hotel, and the public beach became a private beach for the hotel.",overloaded sentence; map-change verb choices,selected_100,
U097,A45-E01,S45,45.jpg,additional_sentence_bank,argument writing sentence,"The experiment cost my country a lots of money, but it can't provide benefit for person, and it always launches explosion like playing firework.",collocation problem,"Several collocations are unnatural, including 'a lots of money', 'provide benefit for person', and 'launches explosion like playing firework'.","Space experiments cost a lot of money but may not bring direct benefits to people, and explosions may look like fireworks.",money/benefit collocations; simile expression,selected_100,Useful for a future paper on collocation and argument writing.
U098,A46-E01,S46,46.jpg,additional_sentence_bank,argument writing sentence,"Although my country spends many money on space experiment every year, but it couldn't brings exist benefits to residents, instead of bomb a like make fire-work.",grammar-related error,"The sentence contains multiple grammar and collocation problems, including 'many money', although-but structure, 'brings exist benefits', and non-standard explosion/firework phrasing.","Although the country spends a lot on space experiments, they do not bring real benefits to residents and may resemble fireworks.",although-but structure; money/benefit collocations,selected_100,Original wording is partially unclear; preserved as closely as possible.
U099,A47-E01,S47,47.jpg,additional_sentence_bank,argument writing sentence,"Every year, my country not only spends a lot of money to make the space experiment and brings no benefit for people, but also it always show the explosion like playing firework.",collocation problem,"'Make the space experiment', 'brings no benefit for people', and 'show the explosion like playing firework' are unnatural collocations or patterns.","The country spends a lot of money on space experiments every year, but they bring few benefits and often look like fireworks.",not only-but also structure; benefit collocation,selected_100,
U100,A48-E01,S48,48.jpg,additional_sentence_bank,argument writing sentence,"Although my country spends huge amount money on the space test every year, the space test will not bring actual benefits to people and always occurs explosion like playing firework.",collocation problem,"'Huge amount money', 'space test', 'occurs explosion', and 'playing firework' are unnatural collocations.","Although the country spends a large amount of money on space tests every year, they do not bring actual benefits to people and often cause explosions like fireworks.",amount/money collocation; cause/occur explosion; benefit collocation,selected_100,
